{
  "num_params_M": 55.89335,
  "mIoU": 0.6531887007587878,
  "iou/car": 0.9592127027637865,
  "iou/bicycle": 0.5655919881992632,
  "iou/motorcycle": 0.7497258914406354,
  "iou/truck": 0.6832855253070136,
  "iou/bus": 0.5217207788288596,
  "iou/person": 0.7752093156783244,
  "iou/bicyclist": 0.8811709305807169,
  "iou/motorcyclist": 0.13452947638227755,
  "iou/road": 0.9403179195575413,
  "iou/parking": 0.4344167704258282,
  "iou/sidewalk": 0.8019067313449808,
  "iou/other-ground": 0.0067268072837520015,
  "iou/building": 0.9203325877184553,
  "iou/fence": 0.5964401288094175,
  "iou/vegetation": 0.8718427745392404,
  "iou/trunk": 0.6839390255090781,
  "iou/terrain": 0.7411483873744275,
  "iou/pole": 0.6543777183208718,
  "iou/traffic-sign": 0.48868985435250056,
  "inference_speed_ms": 45.08005606519122,
  "fps": 22.182758569640615,
  "vram_peak_mb": 630.71630859375,
  "total_frames": 4071,
  "total_time_s": 184.35314624535386,
  "batch_size": 1,
  "num_scales": 2
}