{
  "num_params_M": 14.080262,
  "mIoU": 0.6133471944184089,
  "iou/car": 0.9465378259879288,
  "iou/bicycle": 0.49399890352418574,
  "iou/motorcycle": 0.6111296290123662,
  "iou/truck": 0.5527447432032873,
  "iou/bus": 0.39416905091029886,
  "iou/person": 0.7098789897704885,
  "iou/bicyclist": 0.8591149509551478,
  "iou/motorcyclist": 0.17392329456145866,
  "iou/road": 0.9324656852095465,
  "iou/parking": 0.3522145489408162,
  "iou/sidewalk": 0.7872544516278521,
  "iou/other-ground": 0.011393689367718032,
  "iou/building": 0.9021942773845929,
  "iou/fence": 0.5479573308775746,
  "iou/vegetation": 0.8786032057477493,
  "iou/trunk": 0.6704122489733211,
  "iou/terrain": 0.7450594077153616,
  "iou/pole": 0.642390893396437,
  "iou/traffic-sign": 0.4421535667836372,
  "inference_speed_ms": 47.15089481925496,
  "fps": 21.208505243290336,
  "vram_peak_mb": 642.98681640625,
  "total_frames": 4071
}