{
  "backbone_num_params_M": 14.080262,
  "PQ": 0.5583568702688851,
  "PQ_dagger": 0.6040840858618711,
  "PQ_things": 0.570687290668868,
  "PQ_stuff": 0.5493892917961704,
  "RQ": 0.6641765664241288,
  "RQ_things": 0.6469574389501707,
  "RQ_stuff": 0.6766995682233712,
  "SQ": 0.7823425138566052,
  "SQ_things": 0.8730645438440674,
  "SQ_stuff": 0.7163628556839057,
  "mAP": 0.42664816925323235,
  "mIoU": 0.6133471944184089,
  "backbone_inference_speed_ms": 47.15089481925496,
  "backbone_fps": 21.208505243290336,
  "backbone_vram_peak_mb": 642.98681640625,
  "backbone_mIoU": 0.6133471944184089,
  "alpine_inference_speed_ms": 48.81403489721681,
  "alpine_fps": 20.48591152330692,
  "total_pipeline_latency_ms": 95.96492971647177,
  "total_pipeline_fps": 10.420473426641362
}