{
  "backbone_num_params_M": 55.89335,
  "PQ": 0.5934670278554823,
  "PQ_dagger": 0.6417092877484115,
  "PQ_things": 0.6315422202479659,
  "PQ_stuff": 0.5657759788427672,
  "RQ": 0.6956963681857908,
  "RQ_things": 0.70307671086535,
  "RQ_stuff": 0.6903288462370205,
  "SQ": 0.7979086572866384,
  "SQ_things": 0.8965559267960367,
  "SQ_stuff": 0.7261651885525304,
  "mAP": 0.49484507704522424,
  "mIoU": 0.6531887007587878,
  "backbone_inference_speed_ms": 53.009838866257546,
  "backbone_fps": 18.86442255602727,
  "backbone_vram_peak_mb": 630.71630859375,
  "backbone_mIoU": 0.6531887007587878,
  "alpine_inference_speed_ms": 49.270468189996606,
  "alpine_fps": 20.296133500168974,
  "total_pipeline_latency_ms": 102.28030705625414,
  "total_pipeline_fps": 9.777053166744995
}