{
  "backbone_num_params_M": 14.081916,
  "PQ": 0.5581822597036041,
  "PQ_dagger": 0.6032958659598346,
  "PQ_things": 0.5402600451214069,
  "PQ_stuff": 0.5712165975815654,
  "RQ": 0.6647294147974904,
  "RQ_things": 0.6202704307519504,
  "RQ_stuff": 0.6970632213760648,
  "SQ": 0.7355613004674667,
  "SQ_things": 0.7493999586055278,
  "SQ_stuff": 0.7254968218216041,
  "mAP": 0.40852037734427615,
  "mIoU": 0.6120691114838344,
  "backbone_inference_speed_ms": 81.121363981055,
  "backbone_fps": 12.327208899415682,
  "backbone_vram_peak_mb": 1291.1650390625,
  "backbone_mIoU": 0.5212605998403413,
  "alpine_inference_speed_ms": 53.93430736576349,
  "alpine_fps": 18.541074296520616,
  "total_pipeline_latency_ms": 135.05567134681849,
  "total_pipeline_fps": 7.404353997338129
}