{
  "backbone_num_params_M": 6.840615,
  "PQ": 0.6133518564281398,
  "PQ_dagger": 0.6643691594213662,
  "PQ_things": 0.6434812830454479,
  "PQ_stuff": 0.5914395461610067,
  "RQ": 0.7180923682168635,
  "RQ_things": 0.7167648553758003,
  "RQ_stuff": 0.7190578321012732,
  "SQ": 0.7880953000961849,
  "SQ_things": 0.7838280972881826,
  "SQ_stuff": 0.7911987203201867,
  "mAP": 0.522758729076785,
  "mIoU": 0.6802665779415813,
  "backbone_inference_speed_ms": 100.96438471817468,
  "backbone_fps": 9.904482682594798,
  "backbone_vram_peak_mb": 1236.0849609375,
  "backbone_mIoU": 0.6802665779415813,
  "alpine_inference_speed_ms": 66.87392774299379,
  "alpine_fps": 14.953510788885396,
  "total_pipeline_latency_ms": 167.83831246116847
}