{
  "backbone_num_params_M": 6.840615,
  "PQ": 0.5889792932907675,
  "PQ_dagger": 0.6449148126417729,
  "PQ_things": 0.6217649911207903,
  "PQ_stuff": 0.5651351494143871,
  "RQ": 0.6927789247528724,
  "RQ_things": 0.7003440822221054,
  "RQ_stuff": 0.6872769920479759,
  "SQ": 0.746774227292538,
  "SQ_things": 0.7723625322197756,
  "SQ_stuff": 0.7281645509818198,
  "mAP": 0.4949307295441884,
  "mIoU": 0.6596733801847535,
  "backbone_inference_speed_ms": 100.30426738309761,
  "backbone_fps": 9.96966555949853,
  "backbone_vram_peak_mb": 1288.6142578125,
  "backbone_mIoU": 0.6596733801847534,
  "alpine_inference_speed_ms": 68.82592737151273,
  "alpine_fps": 14.529408294088649,
  "total_pipeline_latency_ms": 169.13019475461033
}