{
  "num_params_M": 14.081916,
  "mIoU": 0.5212605998403413,
  "iou/car": 0.9475225204497184,
  "iou/bicycle": 0.4688626900247077,
  "iou/motorcycle": 0.5131683631833287,
  "iou/truck": 0.5672856815088947,
  "iou/bus": 0.4654026895788602,
  "iou/person": 0.2112732211161087,
  "iou/bicyclist": 0.0,
  "iou/motorcyclist": 0.0,
  "iou/road": 0.9397758445688487,
  "iou/parking": 0.33517699973360165,
  "iou/sidewalk": 0.7888932145190615,
  "iou/other-ground": 0.013542684254904371,
  "iou/building": 0.9125364786554502,
  "iou/fence": 0.6544608931363508,
  "iou/vegetation": 0.8815545146185859,
  "iou/trunk": 0.6703295204081942,
  "iou/terrain": 0.7563760576473834,
  "iou/pole": 0.6556420991583549,
  "iou/traffic-sign": 0.5322527855648684,
  "iou/moving-car": 0.7771646053301235,
  "iou/moving-bicyclist": 0.8761366806573861,
  "iou/moving-person": 0.5428968520534618,
  "iou/moving-motorcyclist": 0.0,
  "iou/moving-other-vehicle": 0.0,
  "iou/moving-truck": NaN,
  "inference_speed_ms": 81.121363981055,
  "fps": 12.327208899415682,
  "vram_peak_mb": 1291.1650390625,
  "total_frames": 4071,
  "total_time_s": 331.74141018289083,
  "batch_size": 1
}