{
  "backbone_num_params_M": 55.89335,
  "PQ": 0.6003193457794279,
  "PQ_dagger": 0.648561605672357,
  "PQ_things": 0.6478164753173364,
  "PQ_stuff": 0.5657759788427672,
  "RQ": 0.7004107262693031,
  "RQ_things": 0.7142733113136917,
  "RQ_stuff": 0.6903288462370205,
  "SQ": 0.8015082649680344,
  "SQ_things": 0.9051049950393522,
  "SQ_stuff": 0.7261651885525304,
  "mAP": 0.5192976956332938,
  "mIoU": 0.6531887007587878,
  "backbone_inference_speed_ms": 53.009838866257546,
  "backbone_fps": 18.86442255602727,
  "backbone_vram_peak_mb": 630.71630859375,
  "backbone_mIoU": 0.6531887007587878,
  "alpine_inference_speed_ms": 191.05091502821915,
  "alpine_fps": 5.234206807396317,
  "total_pipeline_latency_ms": 244.0607538944767,
  "total_pipeline_fps": 4.097340453321573
}