{
  "backbone_num_params_M": 14.080262,
  "PQ": 0.5640523940907429,
  "PQ_dagger": 0.609779609683729,
  "PQ_things": 0.5842141597457805,
  "PQ_stuff": 0.5493892917961704,
  "RQ": 0.6685997152213679,
  "RQ_things": 0.6574624173436132,
  "RQ_stuff": 0.6766995682233712,
  "SQ": 0.785686326426805,
  "SQ_things": 0.8810060986982916,
  "SQ_stuff": 0.7163628556839057,
  "mAP": 0.4451586265701053,
  "mIoU": 0.6133471944184089,
  "backbone_inference_speed_ms": 47.15089481925496,
  "backbone_fps": 21.208505243290336,
  "backbone_vram_peak_mb": 642.98681640625,
  "backbone_mIoU": 0.6133471944184089,
  "alpine_inference_speed_ms": 186.75296945744526,
  "alpine_fps": 5.354667199698083,
  "total_pipeline_latency_ms": 233.90386427670023,
  "total_pipeline_fps": 4.275260706326058
}